{"input_shapes": [[16]], "input_data": [[0.7155026793479919, 0.9768244624137878, 0.28461283445358276, 0.8076314330101013, 0.029679715633392334, 0.873327374458313, 0.7955370545387268, 0.9325761795043945, 0.12575602531433105, 0.5102760791778564, 0.9359188675880432, 0.3733428120613098, 0.26223719120025635, 0.5081145167350769, 0.1161729097366333, 0.949842631816864]], "output_data": [[0]]}