{
  "input_shapes": [[16]],
  "input_data": [
    [
      0.2825937271118164, 0.7960004210472107, 0.012551605701446533,
      0.3925783634185791, 0.12046879529953003, 0.8679606318473816,
      0.5957205891609192, 0.8428123593330383, 0.6350554823875427,
      0.05611342191696167, 0.30651795864105225, 0.10704952478408813,
      0.597025990486145, 0.7085554003715515, 0.007941603660583496,
      0.07973664999008179
    ]
  ],
  "output_data": [[0]]
}
